eventName,eventDesc,eventStart,eventEnd,eventNeed,eventConfirm,orgID,eventApproval,eventImg
Tech Innovations Symposium,The Tech Innovations Symposium is a premier gathering of technology enthusiasts professionals and innovators. This event will feature keynote speakers from leading tech companies hands-on workshops and networking opportunities to explore the latest advancements in technology. Join us to discuss emerging trends share ideas and collaborate on groundbreaking projects.,2024-09-20 10:00:00,2024-09-20 18:00:00,75,73,1,Approved,default/event.png
Green Initiatives Summit,The Green Initiatives Summit aims to bring together environmental advocates policymakers and community leaders to discuss sustainable practices and solutions. Attendees will learn about innovative green technologies successful case studies and strategies for reducing environmental impact. The summit will also offer sessions on policy advocacy and community engagement for a greener future.,2024-09-21 09:00:00,2024-09-21 17:00:00,65,62,1,Pending,default/event.png
Youth Leadership Conference,The Youth Leadership Conference is designed to empower young leaders with the skills and knowledge necessary for effective leadership. This conference will include workshops on leadership development public speaking and project management. Participants will also have the opportunity to network with seasoned leaders and gain insights into making a positive impact in their communities.,2024-09-22 08:00:00,2024-09-22 16:00:00,80,78,2,Approved,default/event.png
Global Peace Forum,The Global Peace Forum focuses on fostering international cooperation and dialogue to promote peace and conflict resolution. The forum will feature discussions on global peace initiatives presentations from peacebuilders and collaborative sessions to develop actionable strategies for conflict prevention. Join us in exploring ways to build a more harmonious world.,2024-09-23 11:00:00,2024-09-23 19:00:00,90,88,2,Pending,default/event.png
Emergency Relief Workshop,The Emergency Relief Workshop is dedicated to providing training and resources for effective emergency response and relief efforts. Participants will engage in practical exercises learn about the latest emergency response technologies and hear from experts on best practices for disaster management. This workshop aims to enhance preparedness and improve relief operations.,2024-09-24 13:00:00,2024-09-24 21:00:00,85,83,3,Approved,default/event.png
Tech Innovations Symposium,The Tech Innovations Symposium is a premier gathering of technology enthusiasts professionals and innovators. This event will feature keynote speakers from leading tech companies hands-on workshops and networking opportunities to explore the latest advancements in technology. Join us to discuss emerging trends share ideas and collaborate on groundbreaking projects.,2024-09-25 10:00:00,2024-09-25 18:00:00,60,58,3,Pending,default/event.png
Green Initiatives Summit,The Green Initiatives Summit aims to bring together environmental advocates policymakers and community leaders to discuss sustainable practices and solutions. Attendees will learn about innovative green technologies successful case studies and strategies for reducing environmental impact. The summit will also offer sessions on policy advocacy and community engagement for a greener future.,2024-09-26 09:00:00,2024-09-26 17:00:00,55,52,4,Approved,default/event.png
Youth Leadership Conference,The Youth Leadership Conference is designed to empower young leaders with the skills and knowledge necessary for effective leadership. This conference will include workshops on leadership development public speaking and project management. Participants will also have the opportunity to network with seasoned leaders and gain insights into making a positive impact in their communities.,2024-09-27 08:00:00,2024-09-27 16:00:00,70,68,4,Pending,default/event.png
Global Peace Forum,The Global Peace Forum focuses on fostering international cooperation and dialogue to promote peace and conflict resolution. The forum will feature discussions on global peace initiatives presentations from peacebuilders and collaborative sessions to develop actionable strategies for conflict prevention. Join us in exploring ways to build a more harmonious world.,2024-09-28 11:00:00,2024-09-28 19:00:00,95,92,5,Approved,default/event.png
Emergency Relief Workshop,The Emergency Relief Workshop is dedicated to providing training and resources for effective emergency response and relief efforts. Participants will engage in practical exercises learn about the latest emergency response technologies and hear from experts on best practices for disaster management. This workshop aims to enhance preparedness and improve relief operations.,2024-09-29 13:00:00,2024-09-29 21:00:00,80,78,5,Pending,default/event.png
